alpha_1,alpha_2,alpha_3,alpha_4,generated_data_size,train_roc,val_roc
0.001038363208108371,0.26584435720891314,0.1954825864322934,0.5376346931506851,10000.0,0.9956096527720592,0.9700720998029106
0.12012355142538336,0.42634294777781495,0.4528863509810449,0.000647149815756847,10000.0,0.9923127483562995,0.9479107438869483
0.07011625466082592,0.5004858592309543,0.0011226879160057132,0.42827519819221405,10000.0,0.9938919191809897,0.969995031900888
0.3398837676021494,0.3379341679000152,0.0005123133937712163,0.32166975110406415,10000.0,0.9934174862475997,0.9727823547961248
0.0011667637107244428,0.7083634482923055,0.03593502546558013,0.2545347625313899,10000.0,0.996238572747811,0.9658213648435008
0.35552365684462683,0.0004847725220692604,0.34447760472038264,0.2995139659129212,10000.0,0.9873416663366903,0.9651490076252418
0.0005916740967438157,0.2829851373673309,0.4255692921904518,0.29085389634547343,10000.0,0.9952658914623009,0.968173343025472
0.7279510814668846,0.07238520416121386,0.1985227705104554,0.0011409438614461795,10000.0,0.9821134693859173,0.944194891237895
0.4456637928299016,0.0004979867749175966,0.1287972783844089,0.4250409420107719,10000.0,0.9903698938994525,0.9714189306235332
0.4556810276996296,0.10794165502745359,0.0010516900766304744,0.43532562719628626,10000.0,0.9937888262555273,0.9739840782172337
0.49595051106193394,0.0021170081535504246,0.0009084153826313653,0.5010240654018842,10000.0,0.9929167841979023,0.9743740107311482
0.6762754645351533,0.2731918901774103,0.0490204950992175,0.0015121501882189923,10000.0,0.9875007021989751,0.9434729565962492
0.1519987595695112,0.2547174820751104,0.000699208437859097,0.5925845499175193,10000.0,0.9947762687876541,0.9748652144759411
0.21532309170206498,0.000899128138446705,0.2886500476139897,0.4951277325454985,10000.0,0.9919487623719815,0.9717429625387856
0.059481086163285624,0.5566012225282977,0.3832932041918329,0.0006244871165838175,10000.0,0.9937243667125776,0.9410191218005619
0.0015113907499137147,0.4840877446015673,0.37144692837521714,0.14295393627330188,10000.0,0.995552695823319,0.9685174580749938
0.13928273819355155,0.4269709646407371,0.4332224133184407,0.0005238838472706753,10000.0,0.9907144787412923,0.9450115002961363
0.40820190497431974,0.1909994154328799,0.0004731282705327501,0.4003255513222676,10000.0,0.9926268148022166,0.9692775776894209
0.3963743375516686,0.4351004987136152,0.0005962778741882556,0.16792888586052807,10000.0,0.992932079023483,0.9629641562433624
0.3772448424131209,0.0005237695118937384,0.20026574166976419,0.42196564640522116,10000.0,0.9894791530792416,0.9695796802629935
0.4729362246066405,0.02732311915662622,0.0007120827360108789,0.49902857350072255,10000.0,0.9931603919910883,0.9745364544685402
0.3275141314042444,0.022070436178537853,0.0008775739842767277,0.6495378584329411,10000.0,0.9951417801969272,0.9726946374294057
0.4977025798927612,0.09670422618554646,0.0007105727075546102,0.40488262121413776,10000.0,0.99400200697192,0.9730815304555103
0.271073080113012,0.25336718438213457,0.0006447423363776678,0.4749149931684759,10000.0,0.9946309202784868,0.972820877489774
0.0009199012008614889,0.2692476592447752,0.3944630622728977,0.33536937728146576,10000.0,0.9947532304627502,0.9672792382854425
0.3494684971272929,0.11911811068966308,0.0010276871119986228,0.5303857050710455,10000.0,0.9944180368143503,0.9730548505069573
0.4745754432222354,0.0010408239469716092,0.05121399562683768,0.47316973720395533,10000.0,0.9910504426764755,0.9739854966448782
0.3553478551477872,0.4512823406260816,0.0010446728933686306,0.19232513133276272,10000.0,0.9933935584577311,0.9647496864712037
0.032297279861249376,0.08255253490371356,0.001171045088200259,0.8839791401468367,10000.0,0.9959453338695322,0.9754048248784464
0.0006668870664012473,0.3064183431553282,0.10958766817835056,0.5833271015999201,10000.0,0.9949623984986663,0.9704675934537809
0.012208960687583134,0.001219278081234657,0.00353879013502174,0.9830329710961606,10000.0,0.9962268631192149,0.9733855918101159
0.0007073360281755926,0.17120395159438215,0.24115993279189374,0.5869287795855485,10000.0,0.9944306533406349,0.9723379591636032
0.18700226081631885,0.17796865094098588,0.0006863455185494475,0.6343427427241459,10000.0,0.9954849390281618,0.9710296285219051
0.0047156880271637695,0.39347143330114404,0.0009471701153374684,0.6008657085563547,10000.0,0.9949551324216326,0.9727179851987302
0.0011829498754700619,0.21791875344389486,0.006200071442039212,0.7746982252385959,10000.0,0.9957533701391241,0.9751277361638123
0.0007530065122429279,0.06530376194654579,0.27374049644938553,0.6602027350918257,10000.0,0.9947916533969441,0.9730097760284737
0.0009466846744459958,0.5163503327668373,0.11473337172142499,0.3679696108372917,10000.0,0.9953832907403074,0.969137243411505
0.0012458107183196678,0.13309560391932906,0.23916777131250036,0.6264908140498509,10000.0,0.9951398596142127,0.9718126906406155
0.020135687057884544,0.5707619451077572,0.40384923231911396,0.005253135515244184,10000.0,0.9946402374045153,0.951065417027409
0.16017070649760864,0.0007108825952666773,0.34832401741687674,0.490794393490248,10000.0,0.991857527383843,0.9720691558675917
0.0008706875304544136,0.3722926492125412,0.21123227367170783,0.4156043895852966,10000.0,0.9943106436733526,0.9717530041059202
0.0007287368408000526,0.48886657600033345,0.14487452765368608,0.3655301595051804,10000.0,0.9956394145241882,0.968572011252499
0.22650529873220457,0.0006773273426388915,0.5156230711749671,0.25719430275018956,10000.0,0.9882058189860741,0.9592998848281782
0.2837776836606478,0.25072156152846026,0.000855770230556663,0.46464498458033526,10000.0,0.9943976039236189,0.9733982901147435
0.0010993768770811122,0.27627931453041776,0.5323862616857014,0.19023504690679968,10000.0,0.9948176922994516,0.9645238637842956
0.0011966392269865342,0.04352750572160861,0.25954641213239993,0.695729442919005,10000.0,0.9948279037434482,0.9741455313067469
0.3246840257096351,0.43455995124448227,0.239963328982026,0.0007926940638567447,10000.0,0.9901034785334648,0.9526900345191254
0.07485567603576383,0.5888628610267478,0.0006995363873002411,0.3355819265501881,10000.0,0.9949417719659496,0.967714830660678
0.03439993738337262,0.16825561506540887,0.0009557737719166591,0.7963886737793018,10000.0,0.9962028161217441,0.9742022458978059
0.5789358997990329,0.11902524559950446,0.30052414141814715,0.0015147131833154028,10000.0,0.9826367489834984,0.9586977960651376
0.0007095785519684503,0.34153003511631225,0.21414442563411892,0.44361596069760034,10000.0,0.9945209791638788,0.967486058544858
0.1700556170979322,0.001334814314812388,0.09614683016706518,0.7324627384201902,10000.0,0.9951031489082885,0.9739006836776217
0.25149079971074434,0.0007386332271408971,0.2516022772719241,0.49616828979019056,10000.0,0.9920535239535828,0.9688990826555615
0.6036178942265767,0.35066752958041586,0.0016194931718093491,0.04409508302119803,10000.0,0.9915940945025236,0.9585366806964921
0.0021964041104079552,0.5372801950460752,0.15691628807466174,0.303607112768855,10000.0,0.9954923813051283,0.967082347019539
0.40930463746518914,0.0008402131708196712,0.10380879710101672,0.4860463522629744,10000.0,0.9908241490322933,0.9723022508105188
0.05207757842657308,0.0017526571333093361,0.023156236104571525,0.9230135283355461,10000.0,0.9966619402985075,0.9749313852512974
0.001642536496115395,0.0849790495550663,0.34628199756789313,0.5670964163809251,10000.0,0.9948632156708642,0.9715251550938055
0.00043139526885865593,0.3571102434547205,0.22939474610311725,0.41306361517330364,10000.0,0.9958014701893756,0.9699730575297594
0.0006678828606754214,0.2890535975041961,0.23952890911596908,0.47074961051915953,10000.0,0.9947912417653989,0.9718973460048004
0.16393126239262257,0.5582956341446889,0.0010501968355428575,0.27672290662714577,10000.0,0.9941770619996276,0.9662710739510085
0.03159175751086624,0.5872738014785053,0.0011538276196500484,0.37998061339097844,10000.0,0.9949242148318812,0.9699880298215631
0.4507728536559007,0.0011703560670401202,0.2018203867989445,0.34623640347811474,10000.0,0.9884314499147159,0.9738934114216027
0.026388369715176246,0.2755947213779478,0.0008355929599346733,0.6971813159469412,10000.0,0.9953112608162537,0.9726802280057147
0.2842202967924837,0.017206876725783117,0.001830322383002987,0.6967425040987303,10000.0,0.9952299584690389,0.9750462103463354
0.28218412295160616,0.0012460361106743166,0.1169395293257505,0.5996303116119691,10000.0,0.9930797280215633,0.9744630339518894
0.4186722009933529,0.06271415636992037,0.0009408707315796814,0.5176727719051469,10000.0,0.9943962925128844,0.9744203460342046
0.21236518721724865,0.18204437305495544,0.0008255612200892642,0.6047648785077067,10000.0,0.9944463122506838,0.9742531066604905
0.2913018223192762,0.23042735189157035,0.0006906375453902134,0.4775801882437634,10000.0,0.9943291217885093,0.9736029039311564
0.3140718747173978,0.10526197213452104,0.0012323693099759276,0.5794337838381052,10000.0,0.99431903845553,0.9707985148747355
0.20272555446785426,0.0006454228414028831,0.20652287383700277,0.5901061488537402,10000.0,0.9913134755772673,0.9703435373216907
0.09189922134626094,0.0015654344495449003,0.14880869175349581,0.7577266524506984,10000.0,0.9948165985379923,0.9730706333288439
0.0023906893176127634,0.15320472635729937,0.2113941581884241,0.6330104261366638,10000.0,0.994256187539786,0.9712810054211404
0.35830842610631825,0.001291086203627019,0.016379594919579948,0.6240208927704748,10000.0,0.99361790601407,0.9734220881785584
0.013968395732766052,0.3275000804757311,0.0019492989486919689,0.6565822248428109,10000.0,0.9946475193720903,0.9716697671693799
0.2105593835133619,0.26626352422628136,0.0008669715763358129,0.522310120684021,10000.0,0.994270065832438,0.9760300137488417
0.0008855746527803882,0.3392140367980867,0.03699196417822033,0.6229084243709125,10000.0,0.9958823356316883,0.9727235238209613
0.06787851899410442,0.4238741674387969,0.0007563763077635681,0.5074909372593351,10000.0,0.994721438937468,0.9732298124311809
0.3264152317036299,0.2626398688292464,0.00044155460610865115,0.41050334486101503,10000.0,0.9944889611782256,0.9717959847150238
0.0005612627463705736,0.268753555687622,0.24022666574791654,0.490458515818091,10000.0,0.995502349686484,0.9699186844700499
0.0007208500620631203,0.2760528579462588,0.0732649298711829,0.6499613621204954,10000.0,0.9951826484237987,0.9728781999783949
0.24112670790804872,0.36292829361793366,0.0005565061701790342,0.39538849230383855,10000.0,0.9935611419761498,0.9699256640346503
0.2534018146224134,0.12986052371553686,0.0011968903705202362,0.6155407712915294,10000.0,0.9949327742860936,0.9731354307060044
0.39564546371742687,0.000672109679478112,0.043641794125864386,0.5600406324772307,10000.0,0.9924401867013408,0.9746387613767468
0.0005623577081573107,0.15944034262726708,0.3876659422058449,0.45233135745873077,10000.0,0.9947740715297528,0.9692926175253985
0.0013490924463318392,0.21554873607230823,0.14254099966910627,0.6405611718122536,10000.0,0.9948077177291518,0.9734491508774279
0.0014929634256006133,0.36876667839761756,0.17737838604317155,0.4523619721336102,10000.0,0.9946639506694744,0.9718143567302299
0.001145311700722262,0.565073296877408,0.2592619201785133,0.1745194712433564,10000.0,0.9948961319019411,0.9649137287540366
0.002156280218719224,0.05905156859623153,0.1510847122145156,0.7877074389705336,10000.0,0.9955281038828345,0.9730572595824806
0.0616297137791517,0.0012282747804892196,0.23477795859782474,0.7023640528425343,10000.0,0.9943343355600059,0.9748695823324974
0.4018408516853988,0.5954962163290245,0.0007701328247004213,0.0018927991608763022,10000.0,0.9950178463041504,0.9468848379495948
0.11349006458325228,0.21762293519420872,0.0007229804317972083,0.6681640197907418,10000.0,0.9950798644824008,0.9736467400997916
0.4163385866973362,0.3222221699103397,0.26092185961919173,0.0005173837731322669,10000.0,0.9883434769331488,0.9410574418616905
0.0011723807116473146,0.25449809684561964,0.1571053950677582,0.5872241273749748,10000.0,0.9954685829787338,0.9717409136988545
0.0006627053897271718,0.1658888261002537,0.44601001612669045,0.3874384523833285,10000.0,0.9941655266893871,0.9702295227567355
0.10381200678634558,0.03193554088513115,0.001422485862166834,0.8628299664663563,10000.0,0.996256829773532,0.975720076051137
0.03581090908996641,0.16068801582275824,0.002086461714572045,0.8014146133727033,10000.0,0.9958516072991401,0.9730164178722063
0.0012580416667534653,0.06540188774580369,0.17732908284321758,0.7560109877442253,10000.0,0.9954241173001808,0.971946247986452
0.3114433177778069,0.08041242812855828,0.000872387990086196,0.6072718661035487,10000.0,0.9950740034862231,0.9750871196007831
0.000877019083657196,0.04444391468393248,0.4745066852439116,0.48017238098849885,10000.0,0.994629247784661,0.9704443807728035
0.31230374261413363,0.020297024594457723,0.0008125191108044756,0.6665867136806042,10000.0,0.9940574335735776,0.9722342338277522
0.46129199186785697,0.0007139622920271487,0.3074130698341124,0.23058097600600344,10000.0,0.9852881185526154,0.9671473920586695
0.48981943904934533,0.0015807899373055593,0.04841904989718752,0.46018072111616154,10000.0,0.9901850579905155,0.9741433698931932
0.3453815639878583,0.0008708436080788853,0.04875782722401619,0.6049897651800465,10000.0,0.992856435252349,0.9699717741904619
0.11945330350675037,0.4804943336428978,0.0007984643279976184,0.39925389852235416,10000.0,0.994581504558109,0.9650592864480406
0.4786787329226654,0.15613398836704181,0.000763441304176137,0.36442383740611656,10000.0,0.9930994189645201,0.9706398085816134
0.4549573995109748,0.3796146030142404,0.16424774043099669,0.0011802570437881616,10000.0,0.9884187545383917,0.9493448868092489
0.49120033701353144,0.3093721046147423,0.0010045254543262815,0.19842303291739993,10000.0,0.9930994930348663,0.964776163787236
0.0015994417026209862,0.01417500460837247,0.3323727507072108,0.6518528029817957,10000.0,0.9949218301778542,0.9725597967442718
0.0009423569714087891,0.6610941201257878,0.01783467347366861,0.32012884942913483,10000.0,0.995803061668179,0.971453175519524
0.21904724912195567,0.001131089106394997,0.2036369596791329,0.5761847020925166,10000.0,0.9932711616455444,0.9702564278525333
0.031785739060549,0.000677558339842376,0.5558583403995954,0.4116783622000131,10000.0,0.9930630700333144,0.970106029492758
0.04814869262222237,0.0009646657018744355,0.5187300685732091,0.4321565731026941,10000.0,0.9921800121452982,0.9718792441662885
0.2840384831216364,0.05111147449272598,0.0011577329090440573,0.6636923094765936,10000.0,0.9951794016491556,0.973875579759785
0.04518970822570566,0.14327767035553485,0.003350088882655315,0.8081825325361042,10000.0,0.995785115077328,0.9762054034528311
0.24492721915195345,0.2958174813403506,0.0026825246156777717,0.45657277489201814,10000.0,0.9937318453749071,0.9718219441923921
0.005487622246244367,0.10320081472157622,0.42372371325260944,0.46758784977956996,10000.0,0.9949918357812317,0.9724107267532432
0.3155365674960955,0.49724903640118434,0.0012599630965873727,0.1859544330061328,10000.0,0.9930412576121761,0.9712761422406446
0.4799713084130152,0.25629649856818537,0.0013576164115106381,0.2623745766072888,10000.0,0.9927572565531815,0.9694405392654768
0.15982026046711506,0.3158858256340613,0.0024251503325797437,0.5218687635662438,10000.0,0.9943749558702754,0.9698569490954235
0.001887606014834167,0.24776771171813106,0.46196180649057517,0.2883828757764597,10000.0,0.9947833968295948,0.9634649737755243
0.2926216798584956,0.002328822863824928,0.4411021201218359,0.26394737715584354,10000.0,0.9891831606157353,0.9675647700217704
0.5345663135495761,0.22416929090777918,0.23904360469069424,0.002220790851950535,10000.0,0.9867606218575132,0.9477826576191697
0.0016317345951444907,0.61179327884418,0.0581179437989394,0.32845704276173604,10000.0,0.9950346834004173,0.9656906218382292
0.37997570199235414,0.14083542501159868,0.0007041304705042003,0.47848474252554296,10000.0,0.9935960628488232,0.9704010399281077
0.0008375601737037443,0.48826349891024234,0.25452614137989915,0.25637279953615477,10000.0,0.9956468247384932,0.9670245292069788
0.5287718142799029,0.022105577185415986,0.0021102699214952405,0.4470123386131859,10000.0,0.9930931663943945,0.9739830425399058
0.322239106436995,0.4616148322755075,0.0007683603673326132,0.21537770092016498,10000.0,0.993613240427172,0.9643530445693831
0.0010664302027403995,0.35360059660347487,0.2132098336157589,0.43212313957802595,10000.0,0.995192646388653,0.9716189739508689
0.02390498030252582,0.0029375062664365533,0.07143081826936075,0.9017266951616769,10000.0,0.9960421511839483,0.9754205851856085
0.1386182186821701,0.20396254425435784,0.0013796341293216125,0.6560396029341504,10000.0,0.9949067752925878,0.9734101328598397
0.45403059671047546,0.3163704550521723,0.0007928875354999361,0.2288060607018524,10000.0,0.9942505396480529,0.968077452813753
0.09920949237866586,0.14197121898020842,0.0014123500222161906,0.7574069386189096,10000.0,0.9956745067183717,0.9750266675654545
0.45001394536590783,0.25785135505648804,0.0006014360115626929,0.2915332635660416,10000.0,0.9921890529559204,0.9634668199829347
0.735236710483658,0.001841787455563908,0.000942466981241005,0.26197903507953707,10000.0,0.9890859582076377,0.9699696127769079
0.10990351310504316,0.0011601338424161957,0.4202065314143055,0.46872982163823507,10000.0,0.9911288524977145,0.9723910263692904
0.0011018142813305947,0.37054864519492947,0.2964510344373313,0.33189850608640853,10000.0,0.9946736898213892,0.9691365679697694
0.4031654992230089,0.0009074699294774135,0.12077873094990178,0.4751482998976119,10000.0,0.9905414726605387,0.9709405827864395
0.002992643415984251,0.029831703272342785,0.0013444484763850833,0.9658312048352878,10000.0,0.996418378255467,0.9753292429482419
0.5070053025865491,0.0007071756409822856,0.18963355845221336,0.3026539633202553,10000.0,0.9861721104649447,0.9680170232931486
0.0014207106116740557,0.3545978297394216,0.22537384086839707,0.4186076187805073,10000.0,0.9943644894069148,0.9730725470804278
0.0006945987636192305,0.3636799298630977,0.014170741995979026,0.6214547293773041,10000.0,0.9949768343570208,0.9718398433983833
0.3202666979746464,0.0005999188344208395,0.141854301248134,0.5372790819427988,10000.0,0.9925463191724017,0.9704294309957241
0.39578625287435465,0.37599059641556526,0.0011790307776203615,0.22704411993245976,10000.0,0.9927350161677447,0.9674883325320343
0.0011457969242238961,0.048008001234147266,0.45076084154806795,0.5000853602935608,10000.0,0.9947227363816306,0.9708733538190308
0.005955552329013316,0.0017920578160646743,0.4271392820737289,0.5651131077811931,10000.0,0.9934539749044478,0.9702099799758543
0.01796592370055445,0.0017895151477786038,0.3393674172336822,0.6408771439179848,10000.0,0.9950390724653249,0.97236306308144
0.0010201182955005923,0.19001466390299046,0.2480253197791068,0.5609398980224021,10000.0,0.9945435194172686,0.9713642198429562
0.001550097477059406,0.010401714458030892,0.1508279948897419,0.8372201931751678,10000.0,0.9953092787398952,0.9737269600632465
0.02407363093196383,0.3661569495139119,0.0014301807368938073,0.6083392388172304,10000.0,0.995486712141792,0.9704910312820035
0.0010480681633816616,0.2591940955040234,0.16789550565110156,0.5718623306814935,10000.0,0.9951954614040842,0.9732700912733423
0.2793144391067335,0.002143450854214127,0.06845696521160781,0.6500851448274447,10000.0,0.992528800142908,0.9723206453404494
0.019232203264214803,0.002281175603036474,0.5559599151900406,0.422526705942708,10000.0,0.9940575640901834,0.9681596991024143
0.2726639559811024,0.0010664098170646312,0.24306794113766153,0.4832016930641715,10000.0,0.9904600061029806,0.9662488744326345
0.06818339060786728,0.04963789496671087,0.0019977399543949113,0.8801809744710268,10000.0,0.9960628921354271,0.9757838827804188
0.32566717059992856,0.000932749167287653,0.03213080638082686,0.6412692738519569,10000.0,0.9933632369834331,0.9738573203182015
0.1743564516014238,0.14565579268565662,0.0012726673990526335,0.678715088313867,10000.0,0.9946515628806059,0.9731312879966934
0.14840094896760014,0.18845716934941473,0.0009877344526446074,0.6621541472303405,10000.0,0.9951853991889029,0.975422476422468
0.0013796365136270672,0.053700116980256306,0.08883070551725161,0.8560895409888651,10000.0,0.9960831357684868,0.9742315600691275
0.0013517870263006005,0.16057047572238028,0.21192924776556563,0.6261484894857535,10000.0,0.9950981663129755,0.9716131201224945
0.3721158133036503,0.00112829511654683,0.09770650058175104,0.5290493909980518,10000.0,0.9922641586685754,0.9707670618045849
0.24044527480173308,0.0008212265286229278,0.10962857588631585,0.6491049227833281,10000.0,0.9936977154880872,0.9738024294198284
0.41880242552484453,0.31470024505674815,0.0011482583637878214,0.2653490710546195,10000.0,0.9939293075970534,0.9661766246816587
0.08441587270680889,0.31523615897501756,0.0009024388055680669,0.5994455295126053,10000.0,0.9955151138474901,0.9725314957355535
0.0008194866690280259,0.4359671725593805,0.2379129104798858,0.3253004302917055,10000.0,0.9948889223529637,0.9686517809214636
0.25981719120981317,0.0025920391889835827,0.008839222957374175,0.7287515466438291,10000.0,0.9946274093216013,0.9732583611018688
0.6614458394329595,0.07520848578320699,0.25918612066672175,0.004159554117111682,10000.0,0.9832506232933634,0.9518683371331433
0.1329861568759178,0.2871075465474518,0.0013341527170300127,0.5785721438596005,10000.0,0.9952722977688928,0.9735510074911442
0.4058111036731313,0.15499511674263092,0.43812354807139403,0.0010702315128437148,10000.0,0.986550717650544,0.9420325996099819
0.15659423210414172,0.0038887899466024806,0.0011876529655712165,0.8383293249836845,10000.0,0.9958404351423507,0.9747146134836452
0.4199478853634745,0.20802790045062172,0.0006048252435273045,0.3714193889423767,10000.0,0.9939195385456031,0.9749991996015434
0.4159555730561393,0.22602721359741829,0.0007784346523070745,0.35723877869413534,10000.0,0.9933817444386333,0.9712541453547914
0.3473060830865983,0.0008001941615338868,0.07423393241187647,0.5776597903399913,10000.0,0.9930245197089667,0.9721897897615551
0.0015378643370850128,0.17661926790391355,0.24573149001260627,0.5761113777463951,10000.0,0.9952363860091489,0.9718543203662479
0.07572247962418703,0.0017092779077609447,0.1449402093024801,0.7776280331655719,10000.0,0.9952897050171634,0.9738191803748693
0.0005178370557512055,0.20473105140819894,0.3654019064796591,0.4293492050563906,10000.0,0.9942600857976264,0.9725142719712979
0.29678379929416954,0.0009101383218817358,0.2263689026229215,0.47593715976102724,10000.0,0.9908284453396956,0.9755603565954116
0.0006390603646999127,0.32653268795653656,0.12907250430511016,0.5437557473736534,10000.0,0.9958927860329836,0.9721182154523148
0.2490427940838701,0.35374161188040876,0.0004828855627169309,0.3967327084730043,10000.0,0.9938639370917324,0.9710456590057615
0.32574764662972844,0.0010357017560842956,0.25850053082093516,0.4147161207932521,10000.0,0.9903465825722063,0.9730324258413382
0.2264059379022571,0.32473293255700036,0.0008440647132079021,0.44801706482753473,10000.0,0.9940800273465962,0.970986355221383
0.36013133028450317,0.0013472746166936223,0.05179856455484369,0.5867228305439597,10000.0,0.9928997313977489,0.9745803581813486
0.0008868568371443362,0.42400735062059614,0.080539726682704,0.4945660658595556,10000.0,0.9952555119584049,0.9715495835699067
0.08468059424897513,0.7263712056716762,0.0014428022108861612,0.18750539786846243,10000.0,0.9942138132250422,0.9652227208333114
0.0011700550797677874,0.2602567303592273,0.01018394102162454,0.7283892735393804,10000.0,0.9959918338728482,0.9735611841466258
0.22729336880858533,0.27204334617186055,0.0008320043850697683,0.4998312806344844,10000.0,0.9940476274644474,0.9708997635908896
0.0013497586108636003,0.35246808188705187,0.08179634166454913,0.5643858178375354,10000.0,0.9956913192769373,0.971408258644112
0.09133956570098446,0.000934624144843745,0.5707950966905331,0.33693071346363884,10000.0,0.9910556589337393,0.9649947142181252
0.0008525454675259399,0.49434012162618807,0.07614134361145497,0.42866598929483124,10000.0,0.9954471482330525,0.9672476276122203
0.2696965193151206,0.1479354190136548,0.0006792912585837065,0.5816887704126409,10000.0,0.9930048293235748,0.970636183710966
0.0010160700311323814,0.2014562764893071,0.29529885101359427,0.5022288024659662,10000.0,0.994015302462345,0.9710200147345363
0.08170141777071593,0.4175921019106435,0.001701248966569223,0.4990052313520715,10000.0,0.9948940900833365,0.9704635182886432
0.000744819654084231,0.33767833500475336,0.1851807563722926,0.47639608896886987,10000.0,0.9944192983402197,0.9691039891633928
0.3858938471956689,0.0007509755371766978,0.004879000628432576,0.6084761766387218,10000.0,0.9932007241913557,0.9742487162892095
0.2771957721559675,0.16260207459954182,0.0006183096371147679,0.5595838436073758,10000.0,0.9935648562479317,0.9757356562405031
0.19898559446445088,0.0010620614491414755,0.1785683970674937,0.621383947018914,10000.0,0.9933733253637144,0.9731880251024769
0.29212941927678715,0.16407329174548202,0.0006193307409790431,0.5431779582367517,10000.0,0.9947088340391246,0.9744797398774812
0.2056126526394803,0.0012578948538811514,0.18399870412046684,0.6091307483861718,10000.0,0.992101416860406,0.9746799858373376
0.3625922697918773,0.48371699080518743,0.0005141279104766767,0.15317661149245862,10000.0,0.9938542551103601,0.9635209453806743
0.2620075469898068,0.2797927777813595,0.0005407340964349643,0.45765894113239863,10000.0,0.9939576595692634,0.9726876803795299
0.30634795885348653,0.22102439906006274,0.0007347842845785697,0.4718928578018722,10000.0,0.9939720470281478,0.9729912013807471
0.34409804438963404,0.44970427197136187,0.0009246778025041223,0.20527300583649996,10000.0,0.9939927852121244,0.9678381438068591
0.3225762047631867,0.12322990803884558,0.0006472498880167103,0.5535466373099511,10000.0,0.993629057907615,0.9723977807866457
0.24634015907406784,0.0007285391807317059,0.40075227436928806,0.3521790273759123,10000.0,0.9900037488316242,0.9683360794542827
0.39071338583706366,0.15481510329189227,0.000492638788429942,0.45397887208261434,10000.0,0.9925956882034603,0.9707008910292287
0.1261869049915059,0.0013881434484168235,0.035910001849204974,0.8365149497108723,10000.0,0.9954237334422456,0.9764533130844907
0.2791383045774967,0.25476668251455287,0.464466484033775,0.0016285288741754644,10000.0,0.9882015271905643,0.938940629977302
0.33662888778903616,0.22445369125138312,0.4374651399379342,0.0014522810216466143,10000.0,0.9868265836953949,0.9372570914515239
0.280682930987825,0.35975054953897384,0.3587356804918842,0.000830838981316978,10000.0,0.989305979766806,0.9453385266697494
0.0019269648289988637,0.10953757939955172,0.026934944551397073,0.8616005112200522,10000.0,0.9958450685342898,0.974274765825476
0.3769317337094286,0.0026185837318605195,0.20544020456461345,0.4150094779940974,10000.0,0.9903203633261848,0.9728718733408056
0.0013864247210320752,0.2270917093836677,0.1402926474346428,0.6312292184606573,10000.0,0.9958646287565835,0.9746486903702587
0.33527517461655953,0.021518810747467868,0.0022297749568430023,0.6409762396791296,10000.0,0.9952345405617358,0.9702579363390761
0.30139752124583236,0.5085881859278021,0.001472881361820827,0.1885414114645447,10000.0,0.9936212765957446,0.9693810103338533
0.23187322834518262,0.50159783888103,0.26586454040398483,0.0006643923698025759,10000.0,0.9918271183953329,0.9447138331232935
0.17126935339495927,0.4491805170245139,0.0014264227145311197,0.3781237068659958,10000.0,0.9947349790331772,0.9690032357711782
0.22259411284657438,0.0008396643885719734,0.327551891520425,0.4490143312444287,10000.0,0.9901252607978578,0.972838506519071
0.001563495420059502,0.2918984468155623,0.18879310070450464,0.5177449570598736,10000.0,0.9952119280481986,0.9697652691371894
0.2535783743276985,0.0010723331976623157,0.19765261035915016,0.547696682115489,10000.0,0.9915963822599978,0.9732077930306031
0.0013896279791175202,0.17398518636526816,0.227485425398286,0.5971397602573283,10000.0,0.9951805065012276,0.9720014766056926
0.6952618924524818,0.16701822808812208,0.13561056312874675,0.002109316330649269,10000.0,0.9836680043544331,0.9552455007812836
0.1856180516652875,0.29677365621030377,0.5166128501197469,0.000995442004661864,10000.0,0.9901873295416755,0.9417538448057337
0.20851351262082385,0.19662341831041497,0.5938944537109921,0.000968615357769202,10000.0,0.9884802248979208,0.9424696104128619
0.2241707820864598,0.2632526234381317,0.0010522294874705399,0.511524364987938,10000.0,0.9939357432628261,0.9702888715705629
0.3537447610115147,0.0008324327718720034,0.1227105934347441,0.5227122127818693,10000.0,0.9918824256397474,0.9730838269574111
0.030785218199000278,0.0948528388776544,0.001599888194820001,0.8727620547285253,10000.0,0.9954051071213428,0.9758438845212574
0.0019780987812729645,0.04793944667171378,0.1546472665287924,0.7954351880182208,10000.0,0.9953594786500665,0.9729258636501978
0.13506447433717308,0.001114664485259721,0.07182900921751562,0.7919918519600515,10000.0,0.9951271820863482,0.9721330301410471
0.0018958289068775093,0.02170720362533195,0.10300002879428521,0.8733969386735052,10000.0,0.9953897342377032,0.9746121489723673
0.06973309561433015,0.1283278418557533,0.0010701211195771616,0.8008689414103395,10000.0,0.9955085707720589,0.9744005330766294
0.3820483070703729,0.2211164382592495,0.3948476322088946,0.001987622461483126,10000.0,0.9881501923747444,0.9476914729848749
0.1451383354453973,0.08840205568575464,0.002055876835803394,0.7644037320330447,10000.0,0.9953423069417507,0.9753419637675942
0.16714166908660807,0.5911140484279422,0.0010045719044315194,0.24073971058101806,10000.0,0.9949799007890651,0.9576789372365578
0.44547800448616515,0.001604888884162725,0.18566317843079908,0.36725392819887304,10000.0,0.9871711665529016,0.9659332179949026
0.0009383238875219032,0.1962458631695279,0.24972291006861103,0.5530929028743391,10000.0,0.9951952987697814,0.968921439777007
0.015797287601925145,0.001987549970520123,0.018951080369635356,0.9632640820579195,10000.0,0.9963873544001907,0.9743130858866045
0.1958435715415594,0.0015029246062049275,0.02390786597029,0.7787456378819455,10000.0,0.9960977803259898,0.9781868117839726
0.15782633430973045,0.0011842042108692824,0.12246020426890333,0.718529257210497,10000.0,0.9944007748287842,0.9711320029742853
0.20047914609113718,0.06346390909304254,0.0015708367158592206,0.7344861080999612,10000.0,0.9958615633560796,0.9736369461946265
0.2427081159633131,0.0005858137656683376,0.4532509685222549,0.30345510174876383,10000.0,0.989179827222772,0.9700288715318374
0.0007233778097364293,0.5805013525867633,0.08998113324309309,0.3287941363604073,10000.0,0.9956523402047678,0.9688103296115143
0.1652031410686764,0.06961189437789811,0.00195908261296417,0.7632258819404614,10000.0,0.9953399212742258,0.9759285849148913
0.5183480310104683,0.000648782308027987,0.11660378144912992,0.3643994052323737,10000.0,0.9887970702231519,0.9716973477069136
0.13570487484144075,0.4899485863146278,0.0010846848748052801,0.3732618539691261,10000.0,0.9944262102933384,0.9696825950687619
0.36754407702618697,0.33663934039756294,0.0006244043959749361,0.29519217818027516,10000.0,0.9937603534609918,0.9644164010041745
0.34667067358510273,0.0007599893580866569,0.152226975891418,0.5003423611653924,10000.0,0.9912199430536008,0.9737342773487146
0.24902392747774785,0.0013223654815646816,0.07786394730800278,0.6717897597326846,10000.0,0.9937872798914091,0.9719267727497445
0.0021165405704114053,0.05170908875829913,0.16863724944147102,0.7775371212298186,10000.0,0.9960878254305671,0.9763372496796041
0.07929382914481707,0.0032420228221919675,0.0028277007988659285,0.9146364472341251,10000.0,0.9962933007346397,0.9762472358109844
0.007594868560691896,0.01644268982083252,0.004696091362500036,0.9712663502559756,10000.0,0.9963603845295979,0.9753273066819336
0.21030056989826768,0.0022909794977279013,0.08857656050169241,0.6988318901023121,10000.0,0.9944349927569057,0.9760806718790055
0.0028958763544098985,0.19719053533674596,0.024254701079404768,0.7756588872294394,10000.0,0.9961726113169321,0.9720261527437637
0.0712569385720205,0.10299428216928493,0.0019038850145834667,0.823844894244111,10000.0,0.995730394326712,0.9751763004245961
0.23273457177820342,0.04412949183211158,0.0017967932522007155,0.7213391431374844,10000.0,0.9960919854203107,0.972117967790345
0.02977585681037102,0.024529423877314372,0.0034425896158118284,0.9422521296965026,10000.0,0.9962790749716915,0.9765118738829601
0.0026789790781908316,0.16158005751668436,0.024917446879375166,0.8108235165257498,10000.0,0.9957997910748964,0.9763163785299768
0.0021170134798116735,0.21132592831950925,0.21018295486734118,0.5763741033333379,10000.0,0.9950443491190997,0.9718968056514119
0.04933867621069729,0.002551209738842432,0.1773117897907333,0.7707983242597269,10000.0,0.9943450369728966,0.9705441885465886
0.0007694606067453074,0.10027561991772892,0.6399580995067167,0.2589968199688092,10000.0,0.9947032623416244,0.9648103411390533
0.08177994061941227,0.258451102844171,0.0022454656077710916,0.6575234909286457,10000.0,0.99569226998665,0.974070061950165
0.00345066940992188,0.2769410179415903,0.08515446407742557,0.6344538485710622,10000.0,0.9950594330720093,0.9724626907374287
0.14669239200713433,0.002879892060363251,0.2473616963086832,0.6030660196238193,10000.0,0.9932711234121585,0.9721571659257295
0.0012991787578055319,0.24055665013160107,0.15164399342417043,0.6065001776864228,10000.0,0.9945550908705282,0.9716558080401791
0.05840888713952121,0.25723107438011217,0.0018477315511840008,0.6825123069291826,10000.0,0.9952872471387579,0.974386799094674
0.22867465591495936,0.0017765877121867478,0.08563951025421981,0.6839092461186339,10000.0,0.9940941642466267,0.9721774066630706
0.3648656200587304,0.05620613214177512,0.007391955593915806,0.5715362922055786,10000.0,0.9941728179388889,0.9731723773689374
0.2341069931663862,0.009322822502791208,0.285804417800028,0.4707657665307945,10000.0,0.9910192598015477,0.967990568491841
0.12478672732091113,0.0031753435905266577,0.08113193746583221,0.7909059916227299,10000.0,0.994850835506085,0.9729098781957907
0.27079475433732514,0.1718094871720487,0.0031237397099167577,0.5542720187807093,10000.0,0.9942933550747965,0.9698174132391713
0.0016325846188061884,0.0024438999638110386,0.22266015117523477,0.7732633642421481,10000.0,0.9952587130515442,0.976072724181251
0.0016891154551984594,0.32386013819371606,0.14300981845856908,0.5314409278925163,10000.0,0.9959732100268203,0.9710529762912296
0.0019914327021960496,0.3654527392520845,0.026204299486413625,0.6063515285593057,10000.0,0.9953753940633168,0.9712467605251496
0.2332011538315703,0.5573705562584865,0.002636237461842894,0.20679205244810023,10000.0,0.9939920134706333,0.9677954784038987
0.2502210218791131,0.006239756341300585,0.023308547267817253,0.720230674511769,10000.0,0.9957064948188683,0.975253638503313
0.16525844327304715,0.00310260521562502,0.21329744644982598,0.6183415050615018,10000.0,0.9915975687871662,0.9750898663971745
0.001845721399865864,0.028390663986666932,0.16439370622593788,0.8053699083875293,10000.0,0.9946933639695826,0.9726647153605222
0.19207425901166766,0.11209514815852477,0.00194013919714983,0.6938904536326579,10000.0,0.9953821502121396,0.9745921108675467
0.005619309136646129,0.23851618015679985,0.0828525735382376,0.6730119371683164,10000.0,0.9956197306235907,0.9749278504395482
0.15193788369633907,0.030086800408111188,0.003527873163167414,0.8144474427323823,10000.0,0.9959485363789408,0.9744502005589145
0.4150414925711764,0.003782532100645695,0.2560035808364285,0.3251723944917495,10000.0,0.9869895822767807,0.9656908244707498
0.1583431170985117,0.3216925055020948,0.0031103119663254547,0.5168540654330679,10000.0,0.9952516908566857,0.9731021764578927
0.0014039057179532119,0.2468386325872346,0.09741234266574425,0.6543451190290679,10000.0,0.9959364618210838,0.9743875195658585
0.09712849092189808,0.05522286027246467,0.003089097799016942,0.8445595510066204,10000.0,0.9961381347728977,0.9767708607590821
0.03020196753485277,0.0024533013432480283,0.21176698656101234,0.7555777445608869,10000.0,0.9954524989757374,0.9729297586975393
0.3073453456872089,0.0013748466104724396,0.14891961885256194,0.5423601888497568,10000.0,0.9906045679790896,0.9724632310908172
0.19825440880945147,0.0014198138941674703,0.22825639413340668,0.5720693831629744,10000.0,0.9921052255435864,0.9722484406189227
0.002988126404679578,0.011320086076696427,0.10688990256210297,0.878801884956521,10000.0,0.9958363252592514,0.9738408170251303
0.06378610540448787,0.002643776294761024,0.1241794347515791,0.809390683549172,10000.0,0.9959880616727323,0.9755542100756185
0.020312799765028103,0.0008099764118222397,0.6539427214024225,0.3249345024207272,10000.0,0.9936216192088645,0.9687793043211295
0.45567847640039644,0.0027920627558734833,0.3437348731572101,0.19779458768651997,10000.0,0.9856564314544842,0.9616204324547233
0.001897835267040538,0.31701599252393253,0.04104632234293822,0.6400398498660886,10000.0,0.9961905282231744,0.9721714852905224
0.2015584573343631,0.002453654290877462,0.21459087576476643,0.581397012609993,10000.0,0.991901626607732,0.9718540051601047
0.29459760546399133,0.27347560325538617,0.0010835712633654928,0.43084322001725694,10000.0,0.99433211419205,0.9759040438651675
0.19247949806087095,0.0014396348969091537,0.06955932320021596,0.7365215438420039,10000.0,0.9951098305699013,0.9759699669785541
0.0019408263974782197,0.23059961739224744,0.33780449657119516,0.42965505963907913,10000.0,0.9947788607011958,0.9720933141669987
0.134669528854966,0.001617839957951006,0.27914688304252155,0.5845657481445615,10000.0,0.9920907552835112,0.9708440846771584
0.08329846157078535,0.0009847933562820116,0.5835914539276356,0.3321252911452971,10000.0,0.9905604702434477,0.9680183291471706
0.0009003734690301664,0.039451377592722756,0.8400369058824837,0.11961134305576333,10000.0,0.9939989510919177,0.9594325415850339
0.7073352432523563,0.0007544179372772191,0.038827098353886653,0.25308324045647984,10000.0,0.9844063678431092,0.9772794458712026
0.7615988969014512,0.04171969137530953,0.00089603790721844,0.1957853738160209,10000.0,0.9888027698856175,0.9701174894875373
0.7023293212335912,0.0008696009765232105,0.053161377487515225,0.24363970030237045,10000.0,0.9836189328038617,0.974427370628254
0.7135826022334407,0.04804298554665092,0.0008811062313393173,0.23749330598856913,10000.0,0.9892013712156569,0.9765206321107972
0.7290528522191713,0.05462791165059368,0.0008872232936322179,0.21543201283660282,10000.0,0.9892590537667766,0.9687982842338976
0.6859503465614931,0.0007118474053067762,0.02740013824932033,0.2859376677838798,10000.0,0.9870937820724135,0.9719174066243451
0.7300656767185398,0.0008930268192662317,0.057186436943040805,0.2118548595191532,10000.0,0.9830640343800219,0.9758841408486943
0.7405373770550134,0.0008517579373203635,0.0621850278526701,0.1964258371549961,10000.0,0.9856025470461781,0.9694916476901312
0.6963922579630991,0.1534827251331036,0.0007159146646426524,0.14940910223915474,10000.0,0.9894646374900641,0.9643373518063946
0.681195476771621,0.006576325541769786,0.0008584734268759955,0.3113697242597332,10000.0,0.9902243559114021,0.9720465285694518
0.8135407378854183,0.019854263329826368,0.000953649662104082,0.16565134912265134,10000.0,0.9869165375812061,0.9701201687397549
0.7079593028214061,0.03685433563038855,0.0008081979676712351,0.25437816358053417,10000.0,0.9898929997363481,0.9714093618656133
0.8919240165454596,0.0011241865535185512,0.00458767882370008,0.10236411807732174,10000.0,0.982874347375807,0.9706537451960895
0.921454912780831,0.03051162658210557,0.0016390623513689842,0.046394398285694666,10000.0,0.9804683150705391,0.9622855849611368
0.6174005615481278,0.04736952734276882,0.0007248883979588163,0.3345050227111444,10000.0,0.9913212641069762,0.9695719577124843
0.6212167311890467,0.0009059055830804168,0.01851662823294877,0.35936073499492394,10000.0,0.9893197438168344,0.9773732872429906
0.5643468540607345,0.09224244863267383,0.0007724999837847717,0.3426381973228069,10000.0,0.9913985648434159,0.9723555431634513
0.5696677375900607,0.10114373406197502,0.000840508373320542,0.32834801997464375,10000.0,0.991930543331129,0.9771064202132874
0.6502712417044116,0.0011726912000410994,0.021376400423541237,0.3271796666720061,10000.0,0.9879657406933076,0.9750551712066934
0.5960806832934161,0.08940279115992977,0.0008504228243167099,0.31366610272233736,10000.0,0.9921100850482296,0.9704892526187665
0.6084324617554332,0.0010121246009313623,0.010465081030785755,0.38009033261284975,10000.0,0.9904785935806434,0.9759871682280853
0.5884433063277352,0.07302209905303168,0.001183229612307973,0.33735136500692525,10000.0,0.9912780727102206,0.9755890628691712
0.6091778778825823,0.0007144224267244815,0.04205599101180479,0.3480517086788885,10000.0,0.9878507959232836,0.9743053633360949
0.5349322507515191,0.0009629215243089324,0.08086841674657866,0.38323641097759337,10000.0,0.988605127901877,0.9720040657990123
0.6019556400505218,0.0007615629511576439,0.058869119491290166,0.33841367750703044,10000.0,0.9881312481058319,0.9681534625237231
0.5858421451220839,0.06651156954981617,0.0007955178523187319,0.34685076747578114,10000.0,0.9921070442604567,0.975886257232799
0.5867642105059016,0.016011395746319015,0.0008598798109634554,0.39636451393681593,10000.0,0.9925253110874209,0.9705241054123191
0.48930369101769816,0.00079414024796632,0.10350931701969548,0.4063928517146399,10000.0,0.9889133299811019,0.9720830924820678
0.6251747417953166,0.0008182089551400235,0.06773736321873602,0.30626968603080723,10000.0,0.9857233406051757,0.9723465372736443
0.6007058883034464,0.0006842833927261616,0.03903599860473818,0.3595738296990892,10000.0,0.9876944562045088,0.9728711528696211
0.7468755324169608,0.0012559916894516743,0.010622715367699782,0.24124576052588775,10000.0,0.9882495983082629,0.971817193585519
0.5516665393793362,0.0008666062722662612,0.016440575108406713,0.4310262792399907,10000.0,0.9904752389861053,0.9776358314455862
0.5534854990110795,0.0927829910040191,0.0008964478679366007,0.3528350621169648,10000.0,0.9923357475359866,0.9703246699825452
0.48325404927372145,0.12017957584545155,0.0006184633570983405,0.39594791152372866,10000.0,0.9939331794822802,0.9711980611760189
0.4161626789604768,0.0006509937443153969,0.15912933557032552,0.42405699172488226,10000.0,0.9904052143963685,0.9719093238382437
0.502753890707424,0.0010254134469324435,0.06473611293678448,0.4314845829088589,10000.0,0.9898886523858689,0.9765814443817185
0.6699570142645859,0.036931041754284195,0.0008920264028176415,0.2922199175783123,10000.0,0.9893772049522449,0.9735220310406906
0.4664474306928662,0.0007976403283220793,0.052509521724937745,0.48024540725387393,10000.0,0.9905414350930045,0.975017549102025
0.5607930136390725,0.0008887571898487793,0.014280403202352734,0.42403782596872613,10000.0,0.9912228581465585,0.9724462775032556
0.5382205570194284,0.001004780832595742,0.10178956477832601,0.3589850973696498,10000.0,0.9872846066321803,0.9703866530191412
0.56535880138383,0.021140846352435565,0.0007371497146978104,0.41276320254903665,10000.0,0.9933366229934245,0.9763227276822906
0.5137360224494236,0.0005823038583527877,0.11563889942162472,0.3700427742705989,10000.0,0.9879171505630935,0.9739792825809114
0.6122708860381887,0.07941616272990468,0.0006252310066792897,0.3076877202252275,10000.0,0.9905979649945473,0.9619351883034746
0.6239339491031073,0.003642716564382014,0.0008682754098853615,0.37155505892262536,10000.0,0.9917570733986926,0.9708076333381649
0.6001074280219149,0.07364549305333205,0.0007567664486055527,0.32549031247614774,10000.0,0.9921865399505754,0.9727925314516066
0.4906247854586838,0.0006481808855393701,0.036434229023630596,0.47229280463214635,10000.0,0.9905184808840339,0.9715306712013122
0.45343262482597685,0.12136706687789761,0.000993827464281167,0.42420648083184437,10000.0,0.992691930185816,0.9739298627605962
0.5025683237822256,0.030484052099485508,0.0006480332849115821,0.46629959083337735,10000.0,0.9921977760632686,0.9657762903650173
0.6253902593020568,0.0009507640476288606,0.0243846585926021,0.3492743180577124,10000.0,0.9865589957235303,0.9750700084101502
0.5734111847400123,0.0006782831938201439,0.05354682747434774,0.3723637045918199,10000.0,0.9873466989796922,0.9671438347321957
0.5271017946545971,0.000957587938467346,0.01608399909239787,0.45585661831453783,10000.0,0.9915447223758393,0.9743499424906391
0.43812362465754645,0.08764771657865777,0.0007774025184358095,0.47345125624536,10000.0,0.993154167012334,0.973801799007542
0.5189942204065386,0.0007813521669668274,0.05572671526842736,0.4244977121580673,10000.0,0.9899364501951782,0.9692690220941043
0.4922999018159658,0.0008287095457506492,0.1558480356430266,0.3510233529952569,10000.0,0.9885909903894562,0.9721791177821338
0.320706749545861,0.40218853785968706,0.000501596566016723,0.2766031160284354,10000.0,0.9942453854505972,0.9626028624590338
0.46531863654274075,0.2200580372413229,0.0006612599779142294,0.31396206623802203,10000.0,0.9917898544212796,0.9732304878729164
0.6563278216365207,0.029158327323886714,0.0008592862385416842,0.3136545648010509,10000.0,0.9906080150992664,0.9722578968032197
0.6764564484421747,0.0009486512553627502,0.01972550363775562,0.3028693966647069,10000.0,0.9870073946594773,0.9773985037344498
0.5515686596057872,0.0006388604615424285,0.19335285759448878,0.2544396223381816,10000.0,0.9845356223547728,0.968110887179661
0.5130899022416235,0.000600593411073704,0.10037687117426647,0.3859326331730362,10000.0,0.9894615918101808,0.9738194505515636
0.616481454508173,0.08104939784938651,0.0006341440858334992,0.301835003556607,10000.0,0.9928251005246552,0.9715078637853765
0.5612541074507101,0.0007590555446840208,0.17559622489532206,0.26239061210928377,10000.0,0.9836878523098126,0.9645532004703417
0.44238204454556224,0.0004958611386484255,0.36178675305153357,0.19533534126425567,10000.0,0.9863801139544797,0.9672627575070958
0.571304456621105,0.0007389117025728625,0.06536413183331155,0.3625924998430105,10000.0,0.9889608200404785,0.9700951323660917
0.43437960542373494,0.0006353511358831421,0.12685026231819596,0.4381347811221861,10000.0,0.9898952844873784,0.9730464525147124
0.5610591717089236,0.0006518528131380838,0.06102190050205908,0.37726707497587936,10000.0,0.988196328183355,0.9671052219796485
0.6566338734794898,0.0008324315294885235,0.0702740321870103,0.27225966280401126,10000.0,0.9848198386112708,0.9728319097047873
0.5708936262290534,0.043857531418039865,0.0006737800419806489,0.3845750623109261,10000.0,0.9921015767558099,0.9757675821198685
0.5126098375491447,0.0006047680278134806,0.1243704966828918,0.36241489774014995,10000.0,0.9882373115383924,0.97299968943189
0.6336321166240744,0.0012945373670168034,0.04362358452749564,0.3214497614814133,10000.0,0.9881756906016325,0.9774799394930288
0.5183557546062947,0.0011082760531542903,0.09788629661105192,0.382649672729499,10000.0,0.988263331495728,0.9751609228677508
0.5558263449905986,0.0013340820743974636,0.11647106359210632,0.32636850934289774,10000.0,0.9860859549271487,0.9686844047572891
0.5313675132982497,0.001204428953533937,0.03048062984082509,0.43694742790739116,10000.0,0.990571456742336,0.9734316344217536
0.550271155159154,0.0008821474299995581,0.07194008044388027,0.3769066169669663,10000.0,0.9882479161970583,0.9668046954367921
0.5244551326466647,0.0011676544820998648,0.08076376357142817,0.39361344929980746,10000.0,0.9891395336519793,0.9725810731589405
0.39307569979891777,0.0006562820164309419,0.19594740619295817,0.41032061199169323,10000.0,0.9907080374527346,0.9719487696355978
0.5680191207286283,0.0013134091501716906,0.1415490708885899,0.28911839923261007,10000.0,0.986681585411576,0.9704122972903664
0.5828062602807459,0.0013926592643572653,0.04287418018553556,0.3729269002693613,10000.0,0.9875414728793328,0.9681113149594268
0.48409383813930457,0.001158324516984079,0.016577559118221945,0.4981702782254893,10000.0,0.9919617903963707,0.9748460769601015
0.19342985822446596,0.5121160149054518,0.0008290394002615958,0.29362508746982063,10000.0,0.9944875817066657,0.9657128438713276
0.4789236223614887,0.06295743592370281,0.0008488197137539444,0.4572701220010546,10000.0,0.9944341211089118,0.9747864354548552
0.563187573330579,0.0009501186819034686,0.12778462571506122,0.30807768227245624,10000.0,0.9876832720475107,0.9686020233802803
0.7524333169143073,0.001629962996722241,0.14643548701519227,0.09950123307377823,10000.0,0.978857427471343,0.9689789874128731
0.6575403826954926,0.07644142663804143,0.0010646615124830273,0.2649535291539828,10000.0,0.990536979342943,0.9782483895555274
0.6936518118978929,0.20913753605339125,0.0014701760899696087,0.09574047595874619,10000.0,0.9906476396354288,0.9650373120769118
0.587866426854173,0.15384158469444376,0.0007903708620287438,0.2575016175893546,10000.0,0.9919684862732038,0.9712323511014588
0.5413558663727195,0.19549058039408543,0.0010737053377647596,0.26207984789543026,10000.0,0.9916893848998722,0.975528903525261
0.7136786597029002,0.20581233311763153,0.002155057014634377,0.07835395016483389,10000.0,0.988256066902837,0.9666628301576088
0.45651381919438616,0.0010802352717710348,0.41784458105105327,0.12456136448278966,10000.0,0.9843611097916003,0.9557733134681416
0.683162116944341,0.1373237862871478,0.0010250032661966817,0.17848909350231448,10000.0,0.9900960626034755,0.967499162114527
0.5232091150952862,0.13977067487708378,0.0009704079699326513,0.33604980205769724,10000.0,0.9916674991253585,0.9705102138272919
0.7695138813561293,0.005932275632751748,0.0013084360556062824,0.22324540695551265,10000.0,0.9875674823642882,0.9683600126064446
0.5525786902716097,0.0007085507838956587,0.1792210144353263,0.26749174450916846,10000.0,0.9860013856588117,0.9654330308750272
0.5083096093431579,0.20096592692480644,0.0010161642307817912,0.2897082995012538,10000.0,0.9931756358364761,0.977185356837445
0.43621251339331113,0.0007276587542106085,0.42556150683653204,0.13749832101594642,10000.0,0.9851468830827597,0.960131893957989
0.7125719452584531,0.0012762652648000373,0.15540833593524703,0.13074345354149977,10000.0,0.9827108427900996,0.9717189843571747
0.42714700623878066,0.001097439160392463,0.32280661811012423,0.24894893649070257,10000.0,0.9874792206327727,0.9696287848771656
0.8154833166869111,0.16050580166267195,0.001114210000242457,0.022896671650174453,10000.0,0.9858532687054181,0.9619105571948529
0.909351850203041,0.01521370396287493,0.07356946215678598,0.0018649836772981377,10000.0,0.9793164094197544,0.9387606697842357
0.3474596325025306,0.0006402039458847584,0.45340940006187336,0.19849076348971123,10000.0,0.9868374560044451,0.9677634174361862
0.5062849036302156,0.2243878728655497,0.0009635332240639986,0.2683636902801707,10000.0,0.9922299082844229,0.9702018296455791
0.5007472396617444,0.0007050062341918488,0.24175546677331092,0.2567922873307528,10000.0,0.9861594914578994,0.9695336151366314
0.60443711742094,0.12754701067927662,0.0009121517083588077,0.2671037201914246,10000.0,0.9915044757737392,0.972590844549381
0.6168173834945844,0.0008860858183784387,0.02045595191431322,0.3618405787727241,10000.0,0.9901670548734572,0.9680589907396489
0.6731419969544774,0.0010086810039444953,0.02261673977568281,0.3032325822658953,10000.0,0.9883936217262344,0.972676242899475
0.6256323902612809,0.0009317666169001273,0.014227187842441097,0.359208655279378,10000.0,0.9900743616770515,0.9684083742347078
0.5913740801351728,0.0007781589608561055,0.09480382275293738,0.3130439381510337,10000.0,0.9882724168739159,0.9743585431154047
0.6141309505053577,0.0008533579812907608,0.03087244714000958,0.35414324437334194,10000.0,0.9873847300991372,0.9729034840140278
0.6363290860962795,0.0008298583325399009,0.012241469206029065,0.3505995863651516,10000.0,0.9879644626658344,0.9702331251126581
0.511712969429533,0.0010473556797216948,0.03377464418250641,0.4534650307082389,10000.0,0.9905668652586499,0.9679099882927933
0.5614071015686362,0.0007780686163101875,0.016685131938589323,0.42112969787646426,10000.0,0.9910322032816092,0.9709939651982699
0.661083645279452,0.05514145730496537,0.000871720515217948,0.28290317690036465,10000.0,0.9909391357098468,0.9752138099556419
0.67632664763039,0.0011641598364497223,0.06548279147806683,0.25702640105509356,10000.0,0.983923172539784,0.9730029990963942
0.6073710892083528,0.0008254092972722861,0.032865813969538374,0.35893768752483657,10000.0,0.9899694428092558,0.9725554288877155
0.5060226016166096,0.12173095353506896,0.0006516713508262326,0.3715947734974952,10000.0,0.9913206574441183,0.9670901145994976
0.7265955429665407,0.001103661319153714,0.06034898461833221,0.2119518110959733,10000.0,0.9838825790763235,0.9619418076324826
0.5502483900479176,0.00061767006059152,0.09857644739832569,0.3505574924931653,10000.0,0.987681810932183,0.9704835789081881
0.6345497250211494,0.0009723354792498556,0.018512312710576725,0.34596562678902415,10000.0,0.9878839484371557,0.975616125568041
0.5634452224897964,0.0007504415601175288,0.05119639860421259,0.38460793734587345,10000.0,0.9897161900891445,0.9728475574383268
0.6039736371289001,0.04462465662914366,0.0008709955316249941,0.3505307107103315,10000.0,0.9913966444210618,0.9733820344836422
0.5114374180212993,0.12448502408201163,0.000934703336382519,0.3631428545603065,10000.0,0.9924923910083201,0.9717922697854783
0.6516441487476786,0.09249594709394374,0.001290363200763394,0.25456954095761414,10000.0,0.9911563218140431,0.9709599679642488
0.5291897325101885,0.0006577420549008279,0.14576230072174862,0.32439022471316215,10000.0,0.9869234607534404,0.9704146163069916
0.6013005757449904,0.11648786437028509,0.0007153699712336522,0.28149618991349085,10000.0,0.9917338773597163,0.9768977537464613
0.44251687933686495,0.031888117710010135,0.0008871461048034997,0.5247078568483213,10000.0,0.993864235876272,0.9760296535132496
0.45076020062571687,0.000613788756669446,0.0990002770760632,0.44962573354155055,10000.0,0.9897304151142902,0.9709755256388902
0.613847610643804,0.2378575564477932,0.14749033244098353,0.0008045004674193033,10000.0,0.9847616584920977,0.9558620439974641
0.5360045308050063,0.06391954543544599,0.0008484576599860327,0.39922746609956156,10000.0,0.9923735393503176,0.9691887120717512
0.6817288779524789,0.09186178193765265,0.0010348558896848346,0.2253744842201837,10000.0,0.9876638290725964,0.9720328171022208
0.5053197312977217,0.0010471326826178575,0.05754566498693828,0.43608747103272233,10000.0,0.9899179317790952,0.9673909113190482
0.7622882982438248,0.02731567685666652,0.0010583348642262199,0.20933769003528246,10000.0,0.9878573354202826,0.9747305313938789
0.5942172009600695,0.0006619662227200932,0.17269480022593814,0.2324260325912721,10000.0,0.9870266130200452,0.9633833804138738
0.5585309594429779,0.0010207338210902054,0.016063402565508002,0.4243849041704239,10000.0,0.9910047627394797,0.9728826353791249
0.4776319007818109,0.12873738554926006,0.0007054307610752456,0.39292528290785383,10000.0,0.9926558739544866,0.9759030307025643
0.518273592497526,0.0008198005970199454,0.0843505683165283,0.3965560385889258,10000.0,0.9889509084896819,0.9737489569490998
0.38019993208402963,0.0006813642441571762,0.11453124600206814,0.504587457669745,10000.0,0.990467294433028,0.9723369910304489
0.5027174005992436,0.0006548234675147486,0.08558059636382456,0.41104717956941705,10000.0,0.9891415675644583,0.9687057712308562
0.5772765198266719,0.021178570037490334,0.000733356844425421,0.4008115532914125,10000.0,0.9912539600966241,0.9748839467267395
0.5888050927520072,0.000718499288722635,0.09992491090896731,0.3105514970503027,10000.0,0.9879039181470379,0.9701119058358572
0.6689806470103739,0.06976744408583228,0.0010124489561879977,0.2602394599476058,10000.0,0.9894845477040459,0.9677165868091904
0.6500872828087566,0.0011520360570434467,0.011979516237405797,0.3367811648967942,10000.0,0.9884247906226662,0.9737743535583554
0.511199048644674,0.0010640044762878034,0.02375534305492272,0.4639816038241155,10000.0,0.9919450665665732,0.9686225793237648
0.5174052456945957,0.1409395591009785,0.0006087765397059522,0.34104641866471985,10000.0,0.9917828573796224,0.9724069893089732
0.5930164011847272,0.0008111723964159504,0.052927645201755455,0.35324478121710146,10000.0,0.9886677270727043,0.9722746027288116
0.33478111303613306,0.0012235879470017042,0.13034879265261518,0.5336465063642502,10000.0,0.9916762589162709,0.9755880271918433
0.6363531316635577,0.16542962133598502,0.0007870508713576595,0.19743019612909987,10000.0,0.9900285151529229,0.9701201687397548
0.4396455684350017,0.0007994054065806337,0.1289118565160786,0.4306431696423392,10000.0,0.990030440967985,0.9724541126273878
0.748344917335692,0.001185355213192667,0.09756218123142349,0.15290754621969194,10000.0,0.9797695199945141,0.9748722165552661
0.5719812556619901,0.0007551153359847158,0.11723626854737516,0.31002736045465007,10000.0,0.986692123267111,0.9682284365563656
0.5269777553655728,0.1738920166864269,0.0009315284697490811,0.2981986994782511,10000.0,0.9921011705549158,0.9713130438741284
0.5899749978702991,0.05545083132321271,0.0010022986969808556,0.35357187210950725,10000.0,0.9914255896731874,0.9767056130874311
0.5685747171499196,0.0011800239896979183,0.11247909511777632,0.3177661637426062,10000.0,0.9874194078719709,0.9745862570391723
0.45215085766166124,0.16812771764914972,0.0007698206765056601,0.37895160401268324,10000.0,0.9934804955621684,0.9711427650126044
0.773602033956643,0.0010422363764093765,0.044619109377765774,0.18073662028918197,10000.0,0.9830207346910792,0.9718639791830658
0.6399782585248681,0.0008304718231142309,0.07186103954289674,0.287330230109121,10000.0,0.9858650460783713,0.9725158930314632
0.5129380517678988,0.047474081686778816,0.0013958556707544122,0.43819201087456794,10000.0,0.9930331124634881,0.9723725868099107
0.7085544385697531,0.07869772017055984,0.0008753152995259114,0.2118725259601611,10000.0,0.9899401932481099,0.972078094213225
0.5610958590013443,0.0009910473067635895,0.12777005921249218,0.31014303447939995,10000.0,0.9869209523759384,0.972855392562459
0.5493398142207321,0.0006486642934845221,0.016986854639349874,0.4330246668464335,10000.0,0.9904512892737295,0.9772126671982843
0.616655070993183,0.0009143970890537959,0.12846780781414235,0.2539627241036208,10000.0,0.9860102310064529,0.9707517067624641
0.3755659131321616,0.4301036790211996,0.0005208116729808559,0.19380959617365806,10000.0,0.9934059328011293,0.968852319572739
0.46579384361240117,0.1339219032749116,0.0007712872371246464,0.3995129658755625,10000.0,0.9917606577034526,0.9689217324684257
0.5105497770833313,0.018511871308791623,0.0007133050567032202,0.47022504655117386,10000.0,0.9935000255338433,0.9726532778804674
0.5034290056818265,0.0010279565901290875,0.013583972590483507,0.4819590651375608,10000.0,0.9926581243825023,0.9769094388884858
0.5414976498192579,0.021158645949574163,0.000937618314524179,0.4364060859166439,10000.0,0.9914841677390674,0.9734758758554302
0.584914726092402,0.07634054124339863,0.0007587372476595005,0.33798599541653984,10000.0,0.9916209274787171,0.9712504529399705
0.4231559900139454,0.0005361521297393951,0.14238101229986283,0.4339268455564522,10000.0,0.990359891359784,0.9696609133890519
0.43417669042964685,0.0007833668545809699,0.2377210476997749,0.3273188950159972,10000.0,0.9873250197115269,0.9654609941628777
0.8034726955949106,0.0011874025667252628,0.09009121285308912,0.10524868898527504,10000.0,0.9802689195276155,0.9675973263134223
0.6503604459704204,0.0007591160480758044,0.01087923410425123,0.3380012038772527,10000.0,0.989676267062417,0.9732697085230255
0.45397691528781964,0.38132147720347115,0.0005022769177015544,0.16419933059100772,10000.0,0.9930729839020562,0.9671272413802265
0.5694090309534504,0.0007065158187808461,0.020209625843700826,0.4096748273840679,10000.0,0.9903728085687775,0.9755956596834546
0.5175834407653149,0.001033219989380496,0.12701143120671085,0.35437190803859364,10000.0,0.9883424446975105,0.9695370148600334
0.7029322973250545,0.001652943151315985,0.10608396640825918,0.18933079311537035,10000.0,0.9834857363528144,0.9659612713416511
0.604004394106931,0.000900977833155853,0.06967443764782477,0.32542019041208853,10000.0,0.9873996926235732,0.9708417206310842
0.6406519602358729,0.0010855136326431538,0.05680564198447921,0.3014568841470049,10000.0,0.9861296364696028,0.973564403752232
0.4550453755656973,0.2434419802391741,0.001247215256215708,0.3002654289389129,10000.0,0.9924796310844183,0.9665070732933986
0.38750701008179456,0.0006490784730690685,0.3585190779587712,0.2533248334863651,10000.0,0.9871541318544744,0.9663020542119444
0.7174276581899727,0.0010567915449762224,0.1475788497723687,0.1339367004926824,10000.0,0.9794922409078479,0.9635929924991294
0.4616992065211089,0.06542871439493933,0.0009216017602629214,0.4719504773236888,10000.0,0.9929373466725236,0.97055600877696
0.39643308025605756,0.5570566312990843,0.00129101225379256,0.0452192761910655,10000.0,0.9937423749246533,0.9627090869293063
0.536669800910324,0.062469657184765416,0.0006832032002386508,0.4001773387046719,10000.0,0.9932232229971225,0.9730735827577557
0.5167273441132334,0.08080392550923826,0.0005857969803803054,0.40188293339714815,10000.0,0.9928285905104339,0.9721610384583467
0.4657437255753124,0.22788846555056963,0.0006885863057018579,0.30567922256841623,10000.0,0.9933799857622241,0.9688694983075457
0.6007834524170823,0.017741775848320863,0.0009029924729994366,0.38057177926159735,10000.0,0.9909777964141459,0.9703815646914004
0.525955996414435,0.0012238046769935326,0.05174183110744015,0.4210783678011313,10000.0,0.9893338328033328,0.9708234161600515
0.4617647163353712,0.0009765545570516746,0.3654169609562565,0.17184176815132074,10000.0,0.9840474319184047,0.9644878177103435
0.5706305297346923,0.00083849594949947,0.09679868451985281,0.33173228979595537,10000.0,0.9872967718293687,0.9734760334585019
0.6035564677793406,0.0009459498280333442,0.12610357276323797,0.26939400962938814,10000.0,0.9874151514136327,0.9747530236036717
0.5728241713738924,0.0010418042792820672,0.02190158660935037,0.40423243773747514,10000.0,0.9901301391325454,0.9751760077331775
0.9000903513558649,0.026600720018482803,0.0016092426362923856,0.07169968598935995,10000.0,0.9829997570178334,0.9701909100041882
0.4463838669168687,0.056332166603979064,0.0006842310256250326,0.4965997354535273,10000.0,0.9933469312512953,0.9751649530034394
0.6965823502996997,0.0870507428154285,0.0008871751367997788,0.21547973174807197,10000.0,0.9896863881123746,0.9725004479304444
0.5633566136832502,0.12028271778183597,0.0006462106704535485,0.3157144578644605,10000.0,0.992330998875107,0.9740534460834714
0.41743016987646336,0.0007093705395025816,0.1629709134769846,0.4188895461070496,10000.0,0.9878414625835883,0.9705414642649219
0.5665736038791982,0.17526829720403958,0.0008318253052805888,0.2573262736114816,10000.0,0.9921392332323679,0.9691772520769721
0.36503867209943225,0.0007056710102985865,0.2841916385876246,0.35006401830264455,10000.0,0.9894318450843175,0.9693231700065684
0.6343599231610326,0.0007742923561902311,0.08639145756268754,0.27847432692008955,10000.0,0.9854981285338855,0.974920353036284
0.4049094718617838,0.0317318651888836,0.0015043518955634785,0.561854311053769,10000.0,0.9941425654415211,0.9729359727615061
0.32429120338717166,0.0009708082271304159,0.06515300265303538,0.6095849857326626,10000.0,0.9930916603518144,0.9782170715737241
0.24614024465465326,0.000792645675481107,0.20295391391207823,0.5501131957577874,10000.0,0.9916416760594804,0.9721286397697664
0.24501416889609454,0.0007818940722318904,0.1983688590693342,0.5558350779623394,10000.0,0.9926685524707108,0.9694426781643061
0.22355976933855198,0.0007016096073310188,0.26889583350297497,0.506842787551142,10000.0,0.9897611121312164,0.9745827897715967
